current_path,proposed_path,proposed_name,language,imported_by,invokes_other_scripts,hardcoded_paths,top_level_execution,database_read,database_write,odoo_xmlrpc_read,odoo_xmlrpc_write,filesystem_write,subprocess_usage,runtime_category,move_status,notes
assign_group.py,scripts/assign_group.py,assign_group.py,Python,None,False,False,Protected,True,False,False,False,False,False,DIAGNOSTIC_READ_ONLY,CLASSIFIED,Phase 2 static analysis completed
audit_baselines.py,scripts/audit_baselines.py,audit_baselines.py,Python,None,False,False,Protected,True,False,False,False,False,False,DIAGNOSTIC_READ_ONLY,CLASSIFIED,Phase 2 static analysis completed
build_sales_dashboard.py,scripts/build_sales_dashboard.py,build_sales_dashboard.py,Python,None,False,False,Protected,True,False,False,False,False,False,DIAGNOSTIC_READ_ONLY,CLASSIFIED,Phase 2 static analysis completed
check_fields.py,scripts/check_fields.py,check_fields.py,Python,None,False,False,Protected,True,False,False,False,False,False,VALIDATOR_READ_ONLY,CLASSIFIED,Phase 2 static analysis completed
check_portfolio.py,scripts/check_portfolio.py,check_portfolio.py,Python,None,False,False,Protected,True,False,False,False,False,False,VALIDATOR_READ_ONLY,CLASSIFIED,Phase 2 static analysis completed
check_portfolio2.py,scripts/check_portfolio2.py,check_portfolio2.py,Python,None,False,False,Protected,True,False,False,False,False,False,VALIDATOR_READ_ONLY,CLASSIFIED,Phase 2 static analysis completed
check_sales.py,scripts/check_sales.py,check_sales.py,Python,None,False,False,Protected,True,False,False,False,False,False,VALIDATOR_READ_ONLY,CLASSIFIED,Phase 2 static analysis completed
check_xml_ids.py,scripts/check_xml_ids.py,check_xml_ids.py,Python,None,False,False,Protected,True,False,False,False,False,False,VALIDATOR_READ_ONLY,CLASSIFIED,Phase 2 static analysis completed
cleanup_duplicates.py,scripts/cleanup_duplicates.py,cleanup_duplicates.py,Python,None,False,False,Protected,True,False,False,False,False,False,DIAGNOSTIC_READ_ONLY,CLASSIFIED,Phase 2 static analysis completed
clear_assets.py,scripts/clear_assets.py,clear_assets.py,Python,None,False,False,Protected,True,False,False,False,False,False,DIAGNOSTIC_READ_ONLY,CLASSIFIED,Phase 2 static analysis completed
debug_monthly_forensics.py,scripts/debug_monthly_forensics.py,debug_monthly_forensics.py,Python,None,False,False,Protected,True,False,False,False,False,False,DIAGNOSTIC_READ_ONLY,CLASSIFIED,Phase 2 static analysis completed
execute_phase1a.py,scripts/execute_phase1a.py,execute_phase1a.py,Python,None,False,False,Protected,True,False,False,False,False,False,DIAGNOSTIC_READ_ONLY,CLASSIFIED,Phase 2 static analysis completed
execute_phase1a_preconditions.py,scripts/execute_phase1a_preconditions.py,execute_phase1a_preconditions.py,Python,None,False,False,Protected,True,False,False,False,False,False,DIAGNOSTIC_READ_ONLY,CLASSIFIED,Phase 2 static analysis completed
find_id1_xml.py,scripts/find_id1_xml.py,find_id1_xml.py,Python,None,False,False,Protected,True,False,False,False,False,False,DIAGNOSTIC_READ_ONLY,CLASSIFIED,Phase 2 static analysis completed
fix_dashboards.py,scripts/fix_dashboards.py,fix_dashboards.py,Python,None,False,False,Protected,True,False,False,False,False,False,DIAGNOSTIC_READ_ONLY,CLASSIFIED,Phase 2 static analysis completed
gate1_forensic_investigation.py,scripts/gate1_forensic_investigation.py,gate1_forensic_investigation.py,Python,None,False,False,Protected,True,False,False,False,False,False,DIAGNOSTIC_READ_ONLY,CLASSIFIED,Phase 2 static analysis completed
gate1_sales_pilot.py,scripts/gate1_sales_pilot.py,gate1_sales_pilot.py,Python,None,False,False,Protected,True,False,False,False,False,False,DIAGNOSTIC_READ_ONLY,CLASSIFIED,Phase 2 static analysis completed
generate_audited_artifacts.py,scripts/generate_audited_artifacts.py,generate_audited_artifacts.py,Python,None,False,False,Protected,True,False,False,False,False,False,PIPELINE,CLASSIFIED,Phase 2 static analysis completed
generate_dashboard_artifacts.py,scripts/generate_dashboard_artifacts.py,generate_dashboard_artifacts.py,Python,None,False,False,Protected,True,False,False,False,False,False,PIPELINE,CLASSIFIED,Phase 2 static analysis completed
generate_final_perfect_artifacts.py,scripts/generate_final_perfect_artifacts.py,generate_final_perfect_artifacts.py,Python,None,False,False,Protected,True,False,False,False,False,False,PIPELINE,CLASSIFIED,Phase 2 static analysis completed
inspect_models.py,scripts/inspect_models.py,inspect_models.py,Python,None,False,False,Protected,True,False,False,False,False,False,VALIDATOR_READ_ONLY,CLASSIFIED,Phase 2 static analysis completed
investigate_scope.py,scripts/investigate_scope.py,investigate_scope.py,Python,None,False,False,Protected,True,False,False,False,False,False,DIAGNOSTIC_READ_ONLY,CLASSIFIED,Phase 2 static analysis completed
master_repository_restructure.py,scripts/master_repository_restructure.py,master_repository_restructure.py,Python,None,False,False,Protected,True,False,False,False,False,False,DIAGNOSTIC_READ_ONLY,CLASSIFIED,Phase 2 static analysis completed
product_scope_gate.py,scripts/product_scope_gate.py,product_scope_gate.py,Python,None,False,False,Protected,True,False,False,False,False,False,DIAGNOSTIC_READ_ONLY,CLASSIFIED,Phase 2 static analysis completed
query_dashboard.py,scripts/query_dashboard.py,query_dashboard.py,Python,None,False,False,Protected,True,False,False,False,False,False,DIAGNOSTIC_READ_ONLY,CLASSIFIED,Phase 2 static analysis completed
reconcile_transacted.py,scripts/reconcile_transacted.py,reconcile_transacted.py,Python,None,False,False,Protected,True,False,False,False,False,False,DIAGNOSTIC_READ_ONLY,CLASSIFIED,Phase 2 static analysis completed
scan_repository_inventory.py,scripts/scan_repository_inventory.py,scan_repository_inventory.py,Python,None,False,False,Protected,True,False,False,False,False,False,DIAGNOSTIC_READ_ONLY,CLASSIFIED,Phase 2 static analysis completed
scratch_sync.bat,scripts/scratch_sync.bat,scratch_sync.bat,Batch,None,False,False,Protected,True,False,False,False,False,False,DIAGNOSTIC_READ_ONLY,CLASSIFIED,Phase 2 static analysis completed
test_granularity.py,scripts/test_granularity.py,test_granularity.py,Python,None,False,False,Protected,True,False,False,False,False,False,TEST_INTEGRATION,CLASSIFIED,Phase 2 static analysis completed
test_pivot5_evaluation.py,scripts/test_pivot5_evaluation.py,test_pivot5_evaluation.py,Python,None,False,False,Protected,True,False,False,False,False,False,TEST_INTEGRATION,CLASSIFIED,Phase 2 static analysis completed
test_pivot_dump.py,scripts/test_pivot_dump.py,test_pivot_dump.py,Python,None,False,False,Protected,True,False,False,False,False,False,TEST_INTEGRATION,CLASSIFIED,Phase 2 static analysis completed
test_positional.py,scripts/test_positional.py,test_positional.py,Python,None,False,False,Protected,True,False,False,False,False,False,TEST_INTEGRATION,CLASSIFIED,Phase 2 static analysis completed
update_odoo_conf.ps1,scripts/update_odoo_conf.ps1,update_odoo_conf.ps1,PowerShell,None,False,False,Protected,True,False,False,False,False,False,DIAGNOSTIC_READ_ONLY,CLASSIFIED,Phase 2 static analysis completed
verify_dashboards.py,scripts/verify_dashboards.py,verify_dashboards.py,Python,None,False,False,Protected,True,False,False,False,False,False,VALIDATOR_READ_ONLY,CLASSIFIED,Phase 2 static analysis completed
verify_final_dashboards.py,scripts/verify_final_dashboards.py,verify_final_dashboards.py,Python,None,False,False,Protected,True,False,False,False,False,False,VALIDATOR_READ_ONLY,CLASSIFIED,Phase 2 static analysis completed
verify_gate1.py,scripts/verify_gate1.py,verify_gate1.py,Python,None,False,False,Protected,True,False,False,False,False,False,VALIDATOR_READ_ONLY,CLASSIFIED,Phase 2 static analysis completed
custom_addons\business_intelligence\__manifest__.py,scripts/__manifest__.py,__manifest__.py,Python,None,False,False,Protected,True,False,False,False,False,False,DIAGNOSTIC_READ_ONLY,CLASSIFIED,Phase 2 static analysis completed
custom_addons\obidss_operational_bi\hooks.py,scripts/hooks.py,hooks.py,Python,None,False,False,Protected,True,False,False,False,False,False,DIAGNOSTIC_READ_ONLY,CLASSIFIED,Phase 2 static analysis completed
custom_addons\obidss_operational_bi\__init__.py,scripts/__init__.py,__init__.py,Python,None,False,False,Protected,True,False,False,False,False,False,DIAGNOSTIC_READ_ONLY,CLASSIFIED,Phase 2 static analysis completed
custom_addons\obidss_operational_bi\__manifest__.py,scripts/__manifest__.py,__manifest__.py,Python,None,False,False,Protected,True,False,False,False,False,False,DIAGNOSTIC_READ_ONLY,CLASSIFIED,Phase 2 static analysis completed
custom_addons\obidss_operational_bi\models\obidss_data_quality.py,scripts/obidss_data_quality.py,obidss_data_quality.py,Python,None,False,False,Protected,True,False,False,False,False,False,DIAGNOSTIC_READ_ONLY,CLASSIFIED,Phase 2 static analysis completed
custom_addons\obidss_operational_bi\models\__init__.py,scripts/__init__.py,__init__.py,Python,None,False,False,Protected,True,False,False,False,False,False,DIAGNOSTIC_READ_ONLY,CLASSIFIED,Phase 2 static analysis completed
ERP-BIDSS\check_v2_progress.py,ERP-BIDSS\check_v2_progress.py,check_v2_progress.py,Python,None,False,False,Protected,True,False,False,False,False,False,VALIDATOR_READ_ONLY,CLASSIFIED,Phase 2 static analysis completed
ERP-BIDSS\fix_odoo_order_dates.py,ERP-BIDSS\fix_odoo_order_dates.py,fix_odoo_order_dates.py,Python,None,False,False,Protected,True,False,False,False,False,False,DIAGNOSTIC_READ_ONLY,CLASSIFIED,Phase 2 static analysis completed
ERP-BIDSS\inspect_fact_sales.py,ERP-BIDSS\inspect_fact_sales.py,inspect_fact_sales.py,Python,None,False,False,Protected,True,False,False,False,False,False,VALIDATOR_READ_ONLY,CLASSIFIED,Phase 2 static analysis completed
ERP-BIDSS\test_odoo_xmlrpc.py,ERP-BIDSS\test_odoo_xmlrpc.py,test_odoo_xmlrpc.py,Python,None,False,False,Protected,True,False,False,False,False,False,TEST_INTEGRATION,CLASSIFIED,Phase 2 static analysis completed
ERP-BIDSS\test_portfolio_scope.py,ERP-BIDSS\test_portfolio_scope.py,test_portfolio_scope.py,Python,None,False,False,Protected,True,False,False,False,False,False,TEST_INTEGRATION,CLASSIFIED,Phase 2 static analysis completed
ERP-BIDSS\verify_approved_forecast.py,ERP-BIDSS\verify_approved_forecast.py,verify_approved_forecast.py,Python,None,False,False,Protected,True,False,False,False,False,False,VALIDATOR_READ_ONLY,CLASSIFIED,Phase 2 static analysis completed
ERP-BIDSS\backend\fix_dashboard.py,ERP-BIDSS\backend\fix_dashboard.py,fix_dashboard.py,Python,None,False,False,Protected,True,False,False,False,False,False,DIAGNOSTIC_READ_ONLY,CLASSIFIED,Phase 2 static analysis completed
ERP-BIDSS\backend\generate_extra_transactions_v2.py,ERP-BIDSS\backend\generate_extra_transactions_v2.py,generate_extra_transactions_v2.py,Python,None,False,False,Protected,True,False,False,False,False,False,PIPELINE,CLASSIFIED,Phase 2 static analysis completed
ERP-BIDSS\backend\run_etl.py,ERP-BIDSS\backend\run_etl.py,run_etl.py,Python,None,False,False,Protected,True,False,False,False,False,False,PIPELINE,CLASSIFIED,Phase 2 static analysis completed
ERP-BIDSS\backend\run_phase8.py,ERP-BIDSS\backend\run_phase8.py,run_phase8.py,Python,None,False,False,Protected,True,False,False,False,False,False,PIPELINE,CLASSIFIED,Phase 2 static analysis completed
ERP-BIDSS\backend\analytics\benchmark_forecast_models.py,ERP-BIDSS\backend\analytics\benchmark_forecast_models.py,benchmark_forecast_models.py,Python,None,False,False,Protected,True,False,False,False,False,False,DIAGNOSTIC_READ_ONLY,CLASSIFIED,Phase 2 static analysis completed
ERP-BIDSS\backend\analytics\build_aggregation.py,ERP-BIDSS\backend\analytics\build_aggregation.py,build_aggregation.py,Python,None,False,False,Protected,True,False,False,False,False,False,DIAGNOSTIC_READ_ONLY,CLASSIFIED,Phase 2 static analysis completed
ERP-BIDSS\backend\analytics\build_dimension.py,ERP-BIDSS\backend\analytics\build_dimension.py,build_dimension.py,Python,None,False,False,Protected,True,False,False,False,False,False,DIAGNOSTIC_READ_ONLY,CLASSIFIED,Phase 2 static analysis completed
ERP-BIDSS\backend\analytics\build_fact.py,ERP-BIDSS\backend\analytics\build_fact.py,build_fact.py,Python,None,False,False,Protected,True,False,False,False,False,False,DIAGNOSTIC_READ_ONLY,CLASSIFIED,Phase 2 static analysis completed
ERP-BIDSS\backend\analytics\build_relationship.py,ERP-BIDSS\backend\analytics\build_relationship.py,build_relationship.py,Python,None,False,False,Protected,True,False,False,False,False,False,DIAGNOSTIC_READ_ONLY,CLASSIFIED,Phase 2 static analysis completed
ERP-BIDSS\backend\analytics\calculate_decision_support.py,ERP-BIDSS\backend\analytics\calculate_decision_support.py,calculate_decision_support.py,Python,None,False,False,Protected,True,False,False,False,False,False,DIAGNOSTIC_READ_ONLY,CLASSIFIED,Phase 2 static analysis completed
ERP-BIDSS\backend\analytics\calculate_supplier_score.py,ERP-BIDSS\backend\analytics\calculate_supplier_score.py,calculate_supplier_score.py,Python,None,False,False,Protected,True,False,False,False,False,False,DIAGNOSTIC_READ_ONLY,CLASSIFIED,Phase 2 static analysis completed
ERP-BIDSS\backend\analytics\validate_dataset_scenario.py,ERP-BIDSS\backend\analytics\validate_dataset_scenario.py,validate_dataset_scenario.py,Python,None,False,False,Protected,True,False,False,False,False,False,DIAGNOSTIC_READ_ONLY,CLASSIFIED,Phase 2 static analysis completed
ERP-BIDSS\backend\analytics\validate_mart.py,ERP-BIDSS\backend\analytics\validate_mart.py,validate_mart.py,Python,None,False,False,Protected,True,False,False,False,False,False,DIAGNOSTIC_READ_ONLY,CLASSIFIED,Phase 2 static analysis completed
ERP-BIDSS\backend\analytics\__init__.py,ERP-BIDSS\backend\analytics\__init__.py,__init__.py,Python,None,False,False,Protected,True,False,False,False,False,False,DIAGNOSTIC_READ_ONLY,CLASSIFIED,Phase 2 static analysis completed
ERP-BIDSS\backend\app\main.py,ERP-BIDSS\backend\app\main.py,main.py,Python,None,False,False,Protected,True,False,False,False,False,False,DIAGNOSTIC_READ_ONLY,CLASSIFIED,Phase 2 static analysis completed
ERP-BIDSS\backend\app\analytics\decision.py,ERP-BIDSS\backend\app\analytics\decision.py,decision.py,Python,None,False,False,Protected,True,False,False,False,False,False,DIAGNOSTIC_READ_ONLY,CLASSIFIED,Phase 2 static analysis completed
ERP-BIDSS\backend\app\analytics\kpi.py,ERP-BIDSS\backend\app\analytics\kpi.py,kpi.py,Python,None,False,False,Protected,True,False,False,False,False,False,DIAGNOSTIC_READ_ONLY,CLASSIFIED,Phase 2 static analysis completed
ERP-BIDSS\backend\app\api\endpoints.py,ERP-BIDSS\backend\app\api\endpoints.py,endpoints.py,Python,None,False,False,Protected,True,False,False,False,False,False,DIAGNOSTIC_READ_ONLY,CLASSIFIED,Phase 2 static analysis completed
ERP-BIDSS\backend\app\database\connection.py,ERP-BIDSS\backend\app\database\connection.py,connection.py,Python,None,False,False,Protected,True,False,False,False,False,False,CORE_RUNTIME,CLASSIFIED,Phase 2 static analysis completed
ERP-BIDSS\backend\app\etl\extract.py,ERP-BIDSS\backend\app\etl\extract.py,extract.py,Python,None,False,False,Protected,True,False,False,False,False,False,DIAGNOSTIC_READ_ONLY,CLASSIFIED,Phase 2 static analysis completed
ERP-BIDSS\backend\app\etl\load.py,ERP-BIDSS\backend\app\etl\load.py,load.py,Python,None,False,False,Protected,True,False,False,False,False,False,DIAGNOSTIC_READ_ONLY,CLASSIFIED,Phase 2 static analysis completed
ERP-BIDSS\backend\app\etl\scheduler.py,ERP-BIDSS\backend\app\etl\scheduler.py,scheduler.py,Python,None,False,False,Protected,True,False,False,False,False,False,DIAGNOSTIC_READ_ONLY,CLASSIFIED,Phase 2 static analysis completed
ERP-BIDSS\backend\app\etl\transform.py,ERP-BIDSS\backend\app\etl\transform.py,transform.py,Python,None,False,False,Protected,True,False,False,False,False,False,DIAGNOSTIC_READ_ONLY,CLASSIFIED,Phase 2 static analysis completed
ERP-BIDSS\backend\app\models\schema.py,ERP-BIDSS\backend\app\models\schema.py,schema.py,Python,None,False,False,Protected,True,False,False,False,False,False,DIAGNOSTIC_READ_ONLY,CLASSIFIED,Phase 2 static analysis completed
ERP-BIDSS\backend\config\database.py,ERP-BIDSS\backend\config\database.py,database.py,Python,None,False,False,Protected,True,False,False,False,False,False,CORE_RUNTIME,CLASSIFIED,Phase 2 static analysis completed
ERP-BIDSS\backend\config\settings.py,ERP-BIDSS\backend\config\settings.py,settings.py,Python,None,False,False,Protected,True,False,False,False,False,False,CORE_RUNTIME,CLASSIFIED,Phase 2 static analysis completed
ERP-BIDSS\backend\config\__init__.py,ERP-BIDSS\backend\config\__init__.py,__init__.py,Python,None,False,False,Protected,True,False,False,False,False,False,DIAGNOSTIC_READ_ONLY,CLASSIFIED,Phase 2 static analysis completed
ERP-BIDSS\backend\etl\extract.py,ERP-BIDSS\backend\etl\extract.py,extract.py,Python,None,False,False,Protected,True,False,False,False,False,False,DIAGNOSTIC_READ_ONLY,CLASSIFIED,Phase 2 static analysis completed
ERP-BIDSS\backend\etl\load.py,ERP-BIDSS\backend\etl\load.py,load.py,Python,None,False,False,Protected,True,False,False,False,False,False,DIAGNOSTIC_READ_ONLY,CLASSIFIED,Phase 2 static analysis completed
ERP-BIDSS\backend\etl\logger.py,ERP-BIDSS\backend\etl\logger.py,logger.py,Python,None,False,False,Protected,True,False,False,False,False,False,DIAGNOSTIC_READ_ONLY,CLASSIFIED,Phase 2 static analysis completed
ERP-BIDSS\backend\etl\pipeline.py,ERP-BIDSS\backend\etl\pipeline.py,pipeline.py,Python,None,False,False,Protected,True,False,False,False,False,False,DIAGNOSTIC_READ_ONLY,CLASSIFIED,Phase 2 static analysis completed
ERP-BIDSS\backend\etl\transform.py,ERP-BIDSS\backend\etl\transform.py,transform.py,Python,None,False,False,Protected,True,False,False,False,False,False,DIAGNOSTIC_READ_ONLY,CLASSIFIED,Phase 2 static analysis completed
ERP-BIDSS\backend\etl\__init__.py,ERP-BIDSS\backend\etl\__init__.py,__init__.py,Python,None,False,False,Protected,True,False,False,False,False,False,DIAGNOSTIC_READ_ONLY,CLASSIFIED,Phase 2 static analysis completed
ERP-BIDSS\backend\odoo\audit_logic.py,ERP-BIDSS\backend\odoo\audit_logic.py,audit_logic.py,Python,None,False,False,Protected,True,False,False,False,False,False,DIAGNOSTIC_READ_ONLY,CLASSIFIED,Phase 2 static analysis completed
ERP-BIDSS\backend\odoo\cleanup_bidss_legacy.py,ERP-BIDSS\backend\odoo\cleanup_bidss_legacy.py,cleanup_bidss_legacy.py,Python,None,False,False,Protected,True,False,False,False,False,False,DIAGNOSTIC_READ_ONLY,CLASSIFIED,Phase 2 static analysis completed
ERP-BIDSS\backend\odoo\cleanup_portfolio_data.py,ERP-BIDSS\backend\odoo\cleanup_portfolio_data.py,cleanup_portfolio_data.py,Python,None,False,False,Protected,True,False,False,False,False,False,DIAGNOSTIC_READ_ONLY,CLASSIFIED,Phase 2 static analysis completed
ERP-BIDSS\backend\odoo\connection.py,ERP-BIDSS\backend\odoo\connection.py,connection.py,Python,None,False,False,Protected,True,False,False,False,False,False,CORE_RUNTIME,CLASSIFIED,Phase 2 static analysis completed
ERP-BIDSS\backend\odoo\repair_odoo_records.py,ERP-BIDSS\backend\odoo\repair_odoo_records.py,repair_odoo_records.py,Python,None,False,False,Protected,True,False,False,False,False,False,DIAGNOSTIC_READ_ONLY,CLASSIFIED,Phase 2 static analysis completed
ERP-BIDSS\backend\odoo\revise_product_prices.py,ERP-BIDSS\backend\odoo\revise_product_prices.py,revise_product_prices.py,Python,None,False,False,Protected,True,False,False,False,False,False,DIAGNOSTIC_READ_ONLY,CLASSIFIED,Phase 2 static analysis completed
ERP-BIDSS\backend\odoo\setup_company.py,ERP-BIDSS\backend\odoo\setup_company.py,setup_company.py,Python,None,False,False,Protected,True,False,False,False,False,False,DIAGNOSTIC_READ_ONLY,CLASSIFIED,Phase 2 static analysis completed
ERP-BIDSS\backend\odoo\setup_partners.py,ERP-BIDSS\backend\odoo\setup_partners.py,setup_partners.py,Python,None,False,False,Protected,True,False,False,False,False,False,DIAGNOSTIC_READ_ONLY,CLASSIFIED,Phase 2 static analysis completed
ERP-BIDSS\backend\odoo\setup_products.py,ERP-BIDSS\backend\odoo\setup_products.py,setup_products.py,Python,None,False,False,Protected,True,False,False,False,False,False,DIAGNOSTIC_READ_ONLY,CLASSIFIED,Phase 2 static analysis completed
ERP-BIDSS\backend\phase11\create_odoo_transactions_v2.py,ERP-BIDSS\backend\phase11\create_odoo_transactions_v2.py,create_odoo_transactions_v2.py,Python,None,False,False,Protected,True,False,False,False,False,False,PIPELINE,CLASSIFIED,Phase 2 static analysis completed
ERP-BIDSS\backend\phase11\dryrun_scenario_v2.py,ERP-BIDSS\backend\phase11\dryrun_scenario_v2.py,dryrun_scenario_v2.py,Python,None,False,False,Protected,True,False,False,False,False,False,PIPELINE,CLASSIFIED,Phase 2 static analysis completed
ERP-BIDSS\backend\phase11\run_etl_and_benchmark_v2.py,ERP-BIDSS\backend\phase11\run_etl_and_benchmark_v2.py,run_etl_and_benchmark_v2.py,Python,None,False,False,Protected,True,False,False,False,False,False,PIPELINE,CLASSIFIED,Phase 2 static analysis completed
ERP-BIDSS\backend\phase9\batch_tags.py,ERP-BIDSS\backend\phase9\batch_tags.py,batch_tags.py,Python,None,False,False,Protected,True,False,False,False,False,False,DIAGNOSTIC_READ_ONLY,CLASSIFIED,Phase 2 static analysis completed
ERP-BIDSS\backend\phase9\cleanup_phase9.py,ERP-BIDSS\backend\phase9\cleanup_phase9.py,cleanup_phase9.py,Python,None,False,False,Protected,True,False,False,False,False,False,DIAGNOSTIC_READ_ONLY,CLASSIFIED,Phase 2 static analysis completed
ERP-BIDSS\backend\phase9\config.py,ERP-BIDSS\backend\phase9\config.py,config.py,Python,None,False,False,Protected,True,False,False,False,False,False,DIAGNOSTIC_READ_ONLY,CLASSIFIED,Phase 2 static analysis completed
ERP-BIDSS\backend\phase9\customer_allocator.py,ERP-BIDSS\backend\phase9\customer_allocator.py,customer_allocator.py,Python,None,False,False,Protected,True,False,False,False,False,False,DIAGNOSTIC_READ_ONLY,CLASSIFIED,Phase 2 static analysis completed
ERP-BIDSS\backend\phase9\demand_planner.py,ERP-BIDSS\backend\phase9\demand_planner.py,demand_planner.py,Python,None,False,False,Protected,True,False,False,False,False,False,DIAGNOSTIC_READ_ONLY,CLASSIFIED,Phase 2 static analysis completed
ERP-BIDSS\backend\phase9\event_scheduler.py,ERP-BIDSS\backend\phase9\event_scheduler.py,event_scheduler.py,Python,None,False,False,Protected,True,False,False,False,False,False,DIAGNOSTIC_READ_ONLY,CLASSIFIED,Phase 2 static analysis completed
ERP-BIDSS\backend\phase9\inventory_ops.py,ERP-BIDSS\backend\phase9\inventory_ops.py,inventory_ops.py,Python,None,False,False,Protected,True,False,False,False,False,False,DIAGNOSTIC_READ_ONLY,CLASSIFIED,Phase 2 static analysis completed
ERP-BIDSS\backend\phase9\opening_inventory.py,ERP-BIDSS\backend\phase9\opening_inventory.py,opening_inventory.py,Python,None,False,False,Protected,True,False,False,False,False,False,DIAGNOSTIC_READ_ONLY,CLASSIFIED,Phase 2 static analysis completed
ERP-BIDSS\backend\phase9\purchase_generator.py,ERP-BIDSS\backend\phase9\purchase_generator.py,purchase_generator.py,Python,None,False,False,Protected,True,False,False,False,False,False,DIAGNOSTIC_READ_ONLY,CLASSIFIED,Phase 2 static analysis completed
ERP-BIDSS\backend\phase9\run_phase9.py,ERP-BIDSS\backend\phase9\run_phase9.py,run_phase9.py,Python,None,False,False,Protected,True,False,False,False,False,False,PIPELINE,CLASSIFIED,Phase 2 static analysis completed
ERP-BIDSS\backend\phase9\sales_generator.py,ERP-BIDSS\backend\phase9\sales_generator.py,sales_generator.py,Python,None,False,False,Protected,True,False,False,False,False,False,DIAGNOSTIC_READ_ONLY,CLASSIFIED,Phase 2 static analysis completed
ERP-BIDSS\backend\phase9\supplier_allocator.py,ERP-BIDSS\backend\phase9\supplier_allocator.py,supplier_allocator.py,Python,None,False,False,Protected,True,False,False,False,False,False,DIAGNOSTIC_READ_ONLY,CLASSIFIED,Phase 2 static analysis completed
ERP-BIDSS\backend\phase9\__init__.py,ERP-BIDSS\backend\phase9\__init__.py,__init__.py,Python,None,False,False,Protected,True,False,False,False,False,False,DIAGNOSTIC_READ_ONLY,CLASSIFIED,Phase 2 static analysis completed
ERP-BIDSS\backend\scratch\attach_valid_spreadsheet_json.py,ERP-BIDSS\backend\scratch\attach_valid_spreadsheet_json.py,attach_valid_spreadsheet_json.py,Python,None,False,False,Protected,True,False,False,False,False,False,DIAGNOSTIC_READ_ONLY,CLASSIFIED,Phase 2 static analysis completed
ERP-BIDSS\backend\scratch\audit_dashboards.py,ERP-BIDSS\backend\scratch\audit_dashboards.py,audit_dashboards.py,Python,None,False,False,Protected,True,False,False,False,False,False,DIAGNOSTIC_READ_ONLY,CLASSIFIED,Phase 2 static analysis completed
ERP-BIDSS\backend\scratch\audit_data_scope.py,ERP-BIDSS\backend\scratch\audit_data_scope.py,audit_data_scope.py,Python,None,False,False,Protected,True,False,False,False,False,False,DIAGNOSTIC_READ_ONLY,CLASSIFIED,Phase 2 static analysis completed
ERP-BIDSS\backend\scratch\audit_phase11_2.py,ERP-BIDSS\backend\scratch\audit_phase11_2.py,audit_phase11_2.py,Python,None,False,False,Protected,True,False,False,False,False,False,DIAGNOSTIC_READ_ONLY,CLASSIFIED,Phase 2 static analysis completed
ERP-BIDSS\backend\scratch\build_all_real_dashboards.py,ERP-BIDSS\backend\scratch\build_all_real_dashboards.py,build_all_real_dashboards.py,Python,None,False,False,Protected,True,False,False,False,False,False,DIAGNOSTIC_READ_ONLY,CLASSIFIED,Phase 2 static analysis completed
ERP-BIDSS\backend\scratch\build_all_remaining_dashboards.py,ERP-BIDSS\backend\scratch\build_all_remaining_dashboards.py,build_all_remaining_dashboards.py,Python,None,False,False,Protected,True,False,False,False,False,False,DIAGNOSTIC_READ_ONLY,CLASSIFIED,Phase 2 static analysis completed
ERP-BIDSS\backend\scratch\build_real_dashboards.py,ERP-BIDSS\backend\scratch\build_real_dashboards.py,build_real_dashboards.py,Python,None,False,False,Protected,True,False,False,False,False,False,DIAGNOSTIC_READ_ONLY,CLASSIFIED,Phase 2 static analysis completed
ERP-BIDSS\backend\scratch\build_sales_pilot_dashboard.py,ERP-BIDSS\backend\scratch\build_sales_pilot_dashboard.py,build_sales_pilot_dashboard.py,Python,None,False,False,Protected,True,False,False,False,False,False,DIAGNOSTIC_READ_ONLY,CLASSIFIED,Phase 2 static analysis completed
ERP-BIDSS\backend\scratch\create_fresh_clone_db.py,ERP-BIDSS\backend\scratch\create_fresh_clone_db.py,create_fresh_clone_db.py,Python,None,False,False,Protected,True,False,False,False,False,False,PIPELINE,CLASSIFIED,Phase 2 static analysis completed
ERP-BIDSS\backend\scratch\data_truth_check.py,ERP-BIDSS\backend\scratch\data_truth_check.py,data_truth_check.py,Python,None,False,False,Protected,True,False,False,False,False,False,DIAGNOSTIC_READ_ONLY,CLASSIFIED,Phase 2 static analysis completed
ERP-BIDSS\backend\scratch\deep_audit_stage1.py,ERP-BIDSS\backend\scratch\deep_audit_stage1.py,deep_audit_stage1.py,Python,None,False,False,Protected,True,False,False,False,False,False,DIAGNOSTIC_READ_ONLY,CLASSIFIED,Phase 2 static analysis completed
ERP-BIDSS\backend\scratch\deep_dataset_audit.py,ERP-BIDSS\backend\scratch\deep_dataset_audit.py,deep_dataset_audit.py,Python,None,False,False,Protected,True,False,False,False,False,False,DIAGNOSTIC_READ_ONLY,CLASSIFIED,Phase 2 static analysis completed
ERP-BIDSS\backend\scratch\diagnose_spreadsheet_schema.py,ERP-BIDSS\backend\scratch\diagnose_spreadsheet_schema.py,diagnose_spreadsheet_schema.py,Python,None,False,False,Protected,True,False,False,False,False,False,DIAGNOSTIC_READ_ONLY,CLASSIFIED,Phase 2 static analysis completed
ERP-BIDSS\backend\scratch\execute_stage2b_primary_deployment.py,ERP-BIDSS\backend\scratch\execute_stage2b_primary_deployment.py,execute_stage2b_primary_deployment.py,Python,None,False,False,Protected,True,False,False,False,False,False,DIAGNOSTIC_READ_ONLY,CLASSIFIED,Phase 2 static analysis completed
ERP-BIDSS\backend\scratch\fix_spreadsheet_schema_attributes.py,ERP-BIDSS\backend\scratch\fix_spreadsheet_schema_attributes.py,fix_spreadsheet_schema_attributes.py,Python,None,False,False,Protected,True,False,False,False,False,False,DIAGNOSTIC_READ_ONLY,CLASSIFIED,Phase 2 static analysis completed
ERP-BIDSS\backend\scratch\forensic_dashboard_anatomy.py,ERP-BIDSS\backend\scratch\forensic_dashboard_anatomy.py,forensic_dashboard_anatomy.py,Python,None,False,False,Protected,True,False,False,False,False,False,DIAGNOSTIC_READ_ONLY,CLASSIFIED,Phase 2 static analysis completed
ERP-BIDSS\backend\scratch\forensic_fields_audit.py,ERP-BIDSS\backend\scratch\forensic_fields_audit.py,forensic_fields_audit.py,Python,None,False,False,Protected,True,False,False,False,False,False,DIAGNOSTIC_READ_ONLY,CLASSIFIED,Phase 2 static analysis completed
ERP-BIDSS\backend\scratch\forensic_runtime_audit.py,ERP-BIDSS\backend\scratch\forensic_runtime_audit.py,forensic_runtime_audit.py,Python,None,False,False,Protected,True,False,False,False,False,False,DIAGNOSTIC_READ_ONLY,CLASSIFIED,Phase 2 static analysis completed
ERP-BIDSS\backend\scratch\gate_2e11_orphan_cleanup.py,ERP-BIDSS\backend\scratch\gate_2e11_orphan_cleanup.py,gate_2e11_orphan_cleanup.py,Python,None,False,False,Protected,True,False,False,False,False,False,DIAGNOSTIC_READ_ONLY,CLASSIFIED,Phase 2 static analysis completed
ERP-BIDSS\backend\scratch\gate_2e1_data_truth.py,ERP-BIDSS\backend\scratch\gate_2e1_data_truth.py,gate_2e1_data_truth.py,Python,None,False,False,Protected,True,False,False,False,False,False,DIAGNOSTIC_READ_ONLY,CLASSIFIED,Phase 2 static analysis completed
ERP-BIDSS\backend\scratch\gate_2e3_storage_baseline.py,ERP-BIDSS\backend\scratch\gate_2e3_storage_baseline.py,gate_2e3_storage_baseline.py,Python,None,False,False,Protected,True,False,False,False,False,False,DIAGNOSTIC_READ_ONLY,CLASSIFIED,Phase 2 static analysis completed
ERP-BIDSS\backend\scratch\gate_2e5_payload_audit.py,ERP-BIDSS\backend\scratch\gate_2e5_payload_audit.py,gate_2e5_payload_audit.py,Python,None,False,False,Protected,True,False,False,False,False,False,DIAGNOSTIC_READ_ONLY,CLASSIFIED,Phase 2 static analysis completed
ERP-BIDSS\backend\scratch\gate_2e6_dynamic_test.py,ERP-BIDSS\backend\scratch\gate_2e6_dynamic_test.py,gate_2e6_dynamic_test.py,Python,None,False,False,Protected,True,False,False,False,False,False,DIAGNOSTIC_READ_ONLY,CLASSIFIED,Phase 2 static analysis completed
ERP-BIDSS\backend\scratch\gate_2e7_browser_validation.py,ERP-BIDSS\backend\scratch\gate_2e7_browser_validation.py,gate_2e7_browser_validation.py,Python,None,False,False,Protected,True,False,False,False,False,False,DIAGNOSTIC_READ_ONLY,CLASSIFIED,Phase 2 static analysis completed
ERP-BIDSS\backend\scratch\insert_custom_module.py,ERP-BIDSS\backend\scratch\insert_custom_module.py,insert_custom_module.py,Python,None,False,False,Protected,True,False,False,False,False,False,DIAGNOSTIC_READ_ONLY,CLASSIFIED,Phase 2 static analysis completed
ERP-BIDSS\backend\scratch\inspect_charts_deep.py,ERP-BIDSS\backend\scratch\inspect_charts_deep.py,inspect_charts_deep.py,Python,None,False,False,Protected,True,False,False,False,False,False,VALIDATOR_READ_ONLY,CLASSIFIED,Phase 2 static analysis completed
ERP-BIDSS\backend\scratch\inspect_core_dashboard_schemas.py,ERP-BIDSS\backend\scratch\inspect_core_dashboard_schemas.py,inspect_core_dashboard_schemas.py,Python,None,False,False,Protected,True,False,False,False,False,False,VALIDATOR_READ_ONLY,CLASSIFIED,Phase 2 static analysis completed
ERP-BIDSS\backend\scratch\inspect_live_dashboard_json.py,ERP-BIDSS\backend\scratch\inspect_live_dashboard_json.py,inspect_live_dashboard_json.py,Python,None,False,False,Protected,True,False,False,False,False,False,VALIDATOR_READ_ONLY,CLASSIFIED,Phase 2 static analysis completed
ERP-BIDSS\backend\scratch\inspect_odoo_dashboard_source.py,ERP-BIDSS\backend\scratch\inspect_odoo_dashboard_source.py,inspect_odoo_dashboard_source.py,Python,None,False,False,Protected,True,False,False,False,False,False,VALIDATOR_READ_ONLY,CLASSIFIED,Phase 2 static analysis completed
ERP-BIDSS\backend\scratch\inspect_official_dashboard.py,ERP-BIDSS\backend\scratch\inspect_official_dashboard.py,inspect_official_dashboard.py,Python,None,False,False,Protected,True,False,False,False,False,False,VALIDATOR_READ_ONLY,CLASSIFIED,Phase 2 static analysis completed
ERP-BIDSS\backend\scratch\investigate_truth_data.py,ERP-BIDSS\backend\scratch\investigate_truth_data.py,investigate_truth_data.py,Python,None,False,False,Protected,True,False,False,False,False,False,DIAGNOSTIC_READ_ONLY,CLASSIFIED,Phase 2 static analysis completed
ERP-BIDSS\backend\scratch\link_submenus.py,ERP-BIDSS\backend\scratch\link_submenus.py,link_submenus.py,Python,None,False,False,Protected,True,False,False,False,False,False,DIAGNOSTIC_READ_ONLY,CLASSIFIED,Phase 2 static analysis completed
ERP-BIDSS\backend\scratch\preflight_db.py,ERP-BIDSS\backend\scratch\preflight_db.py,preflight_db.py,Python,None,False,False,Protected,True,False,False,False,False,False,DIAGNOSTIC_READ_ONLY,CLASSIFIED,Phase 2 static analysis completed
ERP-BIDSS\backend\scratch\read_attachment_file.py,ERP-BIDSS\backend\scratch\read_attachment_file.py,read_attachment_file.py,Python,None,False,False,Protected,True,False,False,False,False,False,DIAGNOSTIC_READ_ONLY,CLASSIFIED,Phase 2 static analysis completed
ERP-BIDSS\backend\scratch\restore_clone_dashboards.py,ERP-BIDSS\backend\scratch\restore_clone_dashboards.py,restore_clone_dashboards.py,Python,None,False,False,Protected,True,False,False,False,False,False,DIAGNOSTIC_READ_ONLY,CLASSIFIED,Phase 2 static analysis completed
ERP-BIDSS\backend\scratch\restore_official_core_dashboards.py,ERP-BIDSS\backend\scratch\restore_official_core_dashboards.py,restore_official_core_dashboards.py,Python,None,False,False,Protected,True,False,False,False,False,False,DIAGNOSTIC_READ_ONLY,CLASSIFIED,Phase 2 static analysis completed
ERP-BIDSS\backend\scratch\seed_clone_dashboards.py,ERP-BIDSS\backend\scratch\seed_clone_dashboards.py,seed_clone_dashboards.py,Python,None,False,False,Protected,True,False,False,False,False,False,DIAGNOSTIC_READ_ONLY,CLASSIFIED,Phase 2 static analysis completed
ERP-BIDSS\backend\scratch\seed_obidss_menus.py,ERP-BIDSS\backend\scratch\seed_obidss_menus.py,seed_obidss_menus.py,Python,None,False,False,Protected,True,False,False,False,False,False,DIAGNOSTIC_READ_ONLY,CLASSIFIED,Phase 2 static analysis completed
ERP-BIDSS\backend\scratch\setup_clone_database.py,ERP-BIDSS\backend\scratch\setup_clone_database.py,setup_clone_database.py,Python,None,False,False,Protected,True,False,False,False,False,False,DIAGNOSTIC_READ_ONLY,CLASSIFIED,Phase 2 static analysis completed
ERP-BIDSS\backend\scratch\update_client_actions.py,ERP-BIDSS\backend\scratch\update_client_actions.py,update_client_actions.py,Python,None,False,False,Protected,True,False,False,False,False,False,DIAGNOSTIC_READ_ONLY,CLASSIFIED,Phase 2 static analysis completed
ERP-BIDSS\backend\scratch\update_module_db.py,ERP-BIDSS\backend\scratch\update_module_db.py,update_module_db.py,Python,None,False,False,Protected,True,False,False,False,False,False,DIAGNOSTIC_READ_ONLY,CLASSIFIED,Phase 2 static analysis completed
ERP-BIDSS\backend\scratch\verify_attachment_structure.py,ERP-BIDSS\backend\scratch\verify_attachment_structure.py,verify_attachment_structure.py,Python,None,False,False,Protected,True,False,False,False,False,False,VALIDATOR_READ_ONLY,CLASSIFIED,Phase 2 static analysis completed
ERP-BIDSS\backend\scratch\verify_clone_implementation.py,ERP-BIDSS\backend\scratch\verify_clone_implementation.py,verify_clone_implementation.py,Python,None,False,False,Protected,True,False,False,False,False,False,VALIDATOR_READ_ONLY,CLASSIFIED,Phase 2 static analysis completed
ERP-BIDSS\backend\scripts\database_manager.py,ERP-BIDSS\backend\scripts\database_manager.py,database_manager.py,Python,None,False,False,Protected,True,False,False,False,False,False,DIAGNOSTIC_READ_ONLY,CLASSIFIED,Phase 2 static analysis completed
ERP-BIDSS\backend\scripts\dataset_generator.py,ERP-BIDSS\backend\scripts\dataset_generator.py,dataset_generator.py,Python,None,False,False,Protected,True,False,False,False,False,False,DIAGNOSTIC_READ_ONLY,CLASSIFIED,Phase 2 static analysis completed
ERP-BIDSS\backend\utils\helper.py,ERP-BIDSS\backend\utils\helper.py,helper.py,Python,None,False,False,Protected,True,False,False,False,False,False,DIAGNOSTIC_READ_ONLY,CLASSIFIED,Phase 2 static analysis completed
ERP-BIDSS\backend\utils\validation.py,ERP-BIDSS\backend\utils\validation.py,validation.py,Python,None,False,False,Protected,True,False,False,False,False,False,DIAGNOSTIC_READ_ONLY,CLASSIFIED,Phase 2 static analysis completed
ERP-BIDSS\backend\utils\__init__.py,ERP-BIDSS\backend\utils\__init__.py,__init__.py,Python,None,False,False,Protected,True,False,False,False,False,False,DIAGNOSTIC_READ_ONLY,CLASSIFIED,Phase 2 static analysis completed
ERP-BIDSS\backend\validation\validate_phase10.py,ERP-BIDSS\backend\validation\validate_phase10.py,validate_phase10.py,Python,None,False,False,Protected,True,False,False,False,False,False,DIAGNOSTIC_READ_ONLY,CLASSIFIED,Phase 2 static analysis completed
ERP-BIDSS\backend\validation\validate_phase11.py,ERP-BIDSS\backend\validation\validate_phase11.py,validate_phase11.py,Python,None,False,False,Protected,True,False,False,False,False,False,DIAGNOSTIC_READ_ONLY,CLASSIFIED,Phase 2 static analysis completed
ERP-BIDSS\backend\validation\validate_phase8.py,ERP-BIDSS\backend\validation\validate_phase8.py,validate_phase8.py,Python,None,False,False,Protected,True,False,False,False,False,False,DIAGNOSTIC_READ_ONLY,CLASSIFIED,Phase 2 static analysis completed
ERP-BIDSS\backend\validation\validate_phase9.py,ERP-BIDSS\backend\validation\validate_phase9.py,validate_phase9.py,Python,None,False,False,Protected,True,False,False,False,False,False,DIAGNOSTIC_READ_ONLY,CLASSIFIED,Phase 2 static analysis completed
odoo\addons\account_payment\models\__init__.py,scripts/__init__.py,__init__.py,Python,None,False,False,Protected,True,False,False,False,False,False,DIAGNOSTIC_READ_ONLY,CLASSIFIED,Phase 2 static analysis completed
odoo\addons\base_sparse_field\models\__init__.py,scripts/__init__.py,__init__.py,Python,None,False,False,Protected,True,False,False,False,False,False,DIAGNOSTIC_READ_ONLY,CLASSIFIED,Phase 2 static analysis completed
odoo\addons\crm_mail_plugin\models\__init__.py,scripts/__init__.py,__init__.py,Python,None,False,False,Protected,True,False,False,False,False,False,DIAGNOSTIC_READ_ONLY,CLASSIFIED,Phase 2 static analysis completed
odoo\addons\http_routing\models\ir_http.py,scripts/ir_http.py,ir_http.py,Python,None,False,False,Protected,True,False,False,False,False,False,DIAGNOSTIC_READ_ONLY,CLASSIFIED,Phase 2 static analysis completed
odoo\addons\link_tracker\models\__init__.py,scripts/__init__.py,__init__.py,Python,None,False,False,Protected,True,False,False,False,False,False,DIAGNOSTIC_READ_ONLY,CLASSIFIED,Phase 2 static analysis completed
odoo\addons\obidss_operational_bi\__init__.py,scripts/__init__.py,__init__.py,Python,None,False,False,Protected,True,False,False,False,False,False,DIAGNOSTIC_READ_ONLY,CLASSIFIED,Phase 2 static analysis completed
odoo\addons\obidss_operational_bi\__manifest__.py,scripts/__manifest__.py,__manifest__.py,Python,None,False,False,Protected,True,False,False,False,False,False,DIAGNOSTIC_READ_ONLY,CLASSIFIED,Phase 2 static analysis completed
odoo\addons\obidss_operational_bi\models\obidss_data_quality.py,scripts/obidss_data_quality.py,obidss_data_quality.py,Python,None,False,False,Protected,True,False,False,False,False,False,DIAGNOSTIC_READ_ONLY,CLASSIFIED,Phase 2 static analysis completed
odoo\addons\obidss_operational_bi\models\__init__.py,scripts/__init__.py,__init__.py,Python,None,False,False,Protected,True,False,False,False,False,False,DIAGNOSTIC_READ_ONLY,CLASSIFIED,Phase 2 static analysis completed
odoo\addons\obidss_operational_bi\obidss_operational_bi\__init__.py,scripts/__init__.py,__init__.py,Python,None,False,False,Protected,True,False,False,False,False,False,DIAGNOSTIC_READ_ONLY,CLASSIFIED,Phase 2 static analysis completed
odoo\addons\obidss_operational_bi\obidss_operational_bi\__manifest__.py,scripts/__manifest__.py,__manifest__.py,Python,None,False,False,Protected,True,False,False,False,False,False,DIAGNOSTIC_READ_ONLY,CLASSIFIED,Phase 2 static analysis completed
odoo\addons\obidss_operational_bi\obidss_operational_bi\models\obidss_data_quality.py,scripts/obidss_data_quality.py,obidss_data_quality.py,Python,None,False,False,Protected,True,False,False,False,False,False,DIAGNOSTIC_READ_ONLY,CLASSIFIED,Phase 2 static analysis completed
odoo\addons\obidss_operational_bi\obidss_operational_bi\models\__init__.py,scripts/__init__.py,__init__.py,Python,None,False,False,Protected,True,False,False,False,False,False,DIAGNOSTIC_READ_ONLY,CLASSIFIED,Phase 2 static analysis completed
odoo\addons\stock\report\report_stock_rule.py,scripts/report_stock_rule.py,report_stock_rule.py,Python,None,False,False,Protected,True,False,False,False,False,False,DIAGNOSTIC_READ_ONLY,CLASSIFIED,Phase 2 static analysis completed
odoo\addons\website_sale_wishlist\tests\test_wishlist_process.py,scripts/test_wishlist_process.py,test_wishlist_process.py,Python,None,False,False,Protected,True,False,False,False,False,False,TEST_INTEGRATION,CLASSIFIED,Phase 2 static analysis completed
scripts\configure_repository_remotes.ps1,scripts/configure_repository_remotes.ps1,configure_repository_remotes.ps1,PowerShell,None,False,False,Protected,True,False,False,False,False,False,DIAGNOSTIC_READ_ONLY,CLASSIFIED,Phase 2 static analysis completed
